City_ID,City,Lat,Lng,Max Temp,Humidity,Cloudiness,Wind Speed,Country,Date
0,chulman,56.8479,124.9104,-12.33,100,100,1.83,RU,1675621225
1,bluff,-46.6,168.3333,59.4,87,94,33.62,NZ,1675621151
2,nikolskoye,59.7035,30.7861,22.91,83,100,7.36,RU,1675620993
3,castro,-24.7911,-50.0119,75.0,64,78,5.37,BR,1675621227
4,prince rupert,54.3161,-130.3201,40.69,79,100,8.05,CA,1675621006
5,bengkulu,-3.8004,102.2655,74.17,91,99,7.05,ID,1675621228
6,tasiilaq,65.6145,-37.6368,24.96,83,100,9.1,GL,1675621228
7,te anau,-45.4167,167.7167,56.86,90,100,8.25,NZ,1675621229
8,cape town,-33.9258,18.4232,71.35,81,20,18.41,ZA,1675621230
9,hofn,64.2539,-15.2082,45.03,99,100,20.85,IS,1675621122
10,molteno,-31.3968,26.3625,70.93,47,68,9.91,ZA,1675621230
11,dunedin,-45.8742,170.5036,65.8,48,59,5.99,NZ,1675620931
12,seoul,37.5683,126.9778,26.04,100,20,2.3,KR,1675621105
13,pueblo bello,8.2041,-76.526,86.5,53,64,3.87,CO,1675621231
14,albany,42.6001,-73.9662,41.95,48,100,3.0,US,1675620948
15,kardla,58.9978,22.7492,33.06,97,100,14.92,EE,1675621232
16,qaanaaq,77.484,-69.3632,-2.79,63,0,8.7,GL,1675621232
17,comiso,36.9513,14.6102,42.98,49,1,6.91,IT,1675621232
18,ugoofaaru,5.6667,73.0,80.76,75,100,4.25,MV,1675621233
19,jamestown,42.097,-79.2353,45.99,33,100,14.97,US,1675620684
20,ushuaia,-54.8,-68.3,46.06,71,40,26.46,AR,1675621233
21,butaritari,3.0707,172.7902,80.47,82,87,18.57,KI,1675621234
22,puerto quijarro,-17.7833,-57.7667,86.76,54,99,4.56,BO,1675621234
23,iqaluit,63.7506,-68.5145,-20.31,68,100,21.0,CA,1675621235
24,khasan,42.4308,130.6434,22.57,80,66,8.48,RU,1675621235
25,ilulissat,69.2167,-51.1,3.22,72,75,10.36,GL,1675621236
26,punta arenas,-53.15,-70.9167,53.71,43,0,35.68,CL,1675621038
27,vostok,46.4856,135.8833,-6.11,100,99,3.67,RU,1675621236
28,rikitea,-23.1203,-134.9692,78.64,75,9,15.97,PF,1675620969
29,tuatapere,-46.1333,167.6833,58.14,92,97,16.78,NZ,1675621237
30,nanortalik,60.1432,-45.2371,23.45,73,100,12.57,GL,1675621237
31,mayumba,-3.432,10.6554,79.29,84,45,7.07,GA,1675621238
32,talnakh,69.4865,88.3972,-0.8,97,100,3.56,RU,1675621238
33,kapaa,22.0752,-159.319,73.72,92,100,16.11,US,1675621239
34,kabo,7.6994,18.629,84.63,12,44,5.66,CF,1675621164
35,paamiut,61.994,-49.6678,15.64,91,100,15.05,GL,1675621239
36,fairbanks,64.8378,-147.7164,-11.2,74,0,4.61,US,1675621060
37,coffs harbour,-30.3,153.1333,66.13,94,22,3.44,AU,1675620998
38,pringsewu,-5.3582,104.9744,73.92,79,100,1.88,ID,1675621240
39,alta floresta,-9.8756,-56.0861,87.62,66,40,2.3,BR,1675621241
40,shizuishan,39.2333,106.7694,29.12,31,100,1.16,CN,1675621241
41,east london,-33.0153,27.9116,76.14,88,0,9.22,ZA,1675621241
42,aklavik,68.2191,-135.0107,-47.2,66,20,2.3,CA,1675621063
43,avarua,-21.2078,-159.775,80.65,83,40,13.8,CK,1675621242
44,cherskiy,68.75,161.3,-41.67,100,100,5.03,RU,1675621242
45,hilo,19.7297,-155.09,75.27,95,100,5.75,US,1675621182
46,beauceville,46.2179,-70.7787,17.26,86,100,2.3,CA,1675620979
47,kieta,-6.2167,155.6333,78.22,84,100,2.04,PG,1675621102
48,peleduy,59.6289,112.7406,-11.9,100,100,2.08,RU,1675621243
49,bredasdorp,-34.5322,20.0403,71.15,73,88,9.15,ZA,1675621013
50,vaini,-21.2,-175.2,79.43,75,67,5.55,TO,1675621244
51,tuktoyaktuk,69.4541,-133.0374,-47.2,66,20,3.44,CA,1675621244
52,atar,20.5169,-13.0499,76.06,14,50,10.54,MR,1675621021
53,taksimo,56.3444,114.8794,-0.6,88,100,4.56,RU,1675621098
54,victoria,22.2855,114.1577,66.94,88,87,3.0,HK,1675621207
55,pevek,69.7008,170.3133,-38.38,100,71,2.39,RU,1675621055
56,plouzane,48.3833,-4.6167,46.45,84,0,8.05,FR,1675621245
57,mataura,-46.1927,168.8643,57.87,90,99,10.04,NZ,1675621187
58,port elizabeth,-33.918,25.5701,79.11,92,40,18.41,ZA,1675621246
59,bundaberg,-24.85,152.35,75.22,97,63,3.0,AU,1675621246
60,port-gentil,-0.7193,8.7815,80.56,78,75,8.05,GA,1675621247
61,hithadhoo,-0.6,73.0833,81.14,70,69,11.14,MV,1675621183
62,fereydun kenar,36.6864,52.5225,51.4,59,12,3.6,IR,1675621247
63,karratha,-20.7377,116.8463,87.6,54,12,13.15,AU,1675621248
64,airai,-8.9266,125.4092,60.24,94,100,1.41,TL,1675620969
65,babushkin,51.7122,105.8647,6.33,95,77,5.23,RU,1675621248
66,chuy,-33.6971,-53.4616,78.28,49,10,10.85,UY,1675621249
67,constitucion,-35.3333,-72.4167,69.21,70,43,8.16,CL,1675621101
68,busselton,-33.65,115.3333,65.86,84,6,14.32,AU,1675621249
69,hami,42.8,93.45,29.68,39,10,1.16,CN,1675621250
70,puerto ayora,-0.7393,-90.3518,85.96,88,39,8.01,EC,1675621250
71,russell,32.3502,-85.1999,64.38,55,0,4.61,US,1675621251
72,enshi,30.3,109.4833,41.9,95,10,1.25,CN,1675621251
73,nakambala,-15.8324,27.7799,68.63,92,95,3.42,ZM,1675621251
74,lompoc,34.6391,-120.4579,60.53,84,75,14.97,US,1675621004
75,katsuura,35.1333,140.3,47.77,82,17,6.49,JP,1675621252
76,barrow,71.2906,-156.7887,-18.38,76,100,8.05,US,1675621001
77,yellapur,14.9667,74.7167,69.58,54,0,3.13,IN,1675621252
78,vardo,70.3705,31.1107,19.38,86,40,18.41,NO,1675620977
79,lata,40.1629,-8.3327,57.07,61,0,5.86,PT,1675621201
80,port lincoln,-34.7333,135.8667,60.89,84,4,10.92,AU,1675621253
81,hasaki,35.7333,140.8333,34.2,79,90,9.69,JP,1675621173
82,miri,4.4148,114.0089,77.14,100,40,2.3,MY,1675621254
83,ulladulla,-35.35,150.4667,63.21,82,92,4.25,AU,1675621254
84,sao miguel do araguaia,-13.275,-50.1628,86.14,63,75,3.33,BR,1675621254
85,saskylakh,71.9167,114.0833,-40.74,100,100,3.96,RU,1675621175
86,bulawayo,-20.15,28.5833,70.9,59,100,6.02,ZW,1675621255
87,nagaur,27.2,73.7333,70.92,26,0,9.44,IN,1675621255
88,tukrah,32.5341,20.5791,52.57,53,88,34.18,LY,1675621256
89,pangnirtung,66.1451,-65.7125,-27.4,75,75,0.0,CA,1675621197
90,mahebourg,-20.4081,57.7,80.26,89,20,3.44,MU,1675621256
91,vrede,-27.4257,29.1659,57.02,92,88,4.72,ZA,1675621257
92,chillicothe,39.3331,-82.9824,52.11,43,75,19.57,US,1675621257
93,safaga,26.7292,33.9365,67.71,32,98,5.91,EG,1675621258
94,codrington,-38.2667,141.9667,56.32,85,45,6.26,AU,1675621258
95,iquitos,-3.7481,-73.2472,77.04,88,100,10.36,PE,1675621259
96,dingle,10.9995,122.6711,73.99,92,100,7.34,PH,1675621259
97,new norfolk,-42.7826,147.0587,56.7,63,96,3.0,AU,1675621259
98,kodiak,57.79,-152.4072,36.91,100,100,33.38,US,1675621093
99,cairns,-16.9167,145.7667,80.06,97,40,6.91,AU,1675621260
100,osmena,10.5208,119.9258,79.18,84,96,13.18,PH,1675621260
101,nakhon thai,17.1006,100.8374,75.29,78,56,0.83,TH,1675621261
102,mar del plata,-38.0023,-57.5575,87.84,37,0,17.27,AR,1675621261
103,bilma,18.6853,12.9164,74.66,14,32,12.24,NE,1675621129
104,upernavik,72.7868,-56.1549,-14.89,96,99,1.63,GL,1675621264
105,iracoubo,5.4802,-53.2011,76.96,88,97,13.82,GF,1675621266
106,chokurdakh,70.6333,147.9167,-39.5,100,97,3.29,RU,1675621267
107,imbituba,-28.24,-48.6703,80.37,60,26,9.75,BR,1675621124
108,hermanus,-34.4187,19.2345,69.8,80,97,8.57,ZA,1675621270
109,semporna,4.4818,118.6112,77.34,87,69,5.93,MY,1675621271
110,miles city,46.4083,-105.8406,38.37,65,0,12.66,US,1675621273
111,san ramon,37.7799,-121.978,54.59,83,20,14.97,US,1675621096
112,sumbe,-11.2061,13.8437,79.2,75,40,10.63,AO,1675621274
113,juneau,58.3019,-134.4197,35.22,100,97,3.44,US,1675621275
114,leningradskiy,69.3833,178.4167,-25.98,98,100,4.52,RU,1675621275
115,trapani,37.8333,12.6667,44.69,76,40,8.05,IT,1675621026
116,sao filipe,14.8961,-24.4956,71.82,58,19,9.78,CV,1675621057
117,puerto lempira,15.2667,-83.7667,86.14,66,40,9.22,HN,1675621214
118,lavrentiya,65.5833,-171.0,-3.89,96,100,9.17,RU,1675621278
119,tsabong,-26.0217,22.401,84.2,39,88,8.99,BW,1675621281
120,sola,-13.8833,167.55,83.28,72,100,22.28,VU,1675621282
121,boyolangu,-8.1181,111.8935,76.51,82,98,2.13,ID,1675621284
122,montmagny,48.9734,2.3469,45.01,70,0,11.5,FR,1675621285
123,guarapari,-20.6667,-40.4975,86.9,77,6,9.13,BR,1675621285
124,paramonga,-10.6667,-77.8333,77.43,68,48,8.3,PE,1675621286
125,abbeville,50.1,1.8333,43.5,85,56,8.12,FR,1675621287
126,beloha,-25.1667,45.05,72.5,87,100,12.48,MG,1675621289
127,hobart,-42.8794,147.3294,57.06,80,94,5.75,AU,1675621290
128,rivers,50.0308,-100.2403,20.35,97,100,5.08,CA,1675621290
129,port alfred,-33.5906,26.891,71.19,91,6,5.01,ZA,1675621290
130,tiksi,71.6872,128.8694,-29.63,100,100,3.36,RU,1675621291
131,hambantota,6.1241,81.1185,76.96,84,100,11.16,LK,1675621114
132,mount gambier,-37.8333,140.7667,52.07,94,38,3.98,AU,1675621291
133,derzhavinsk,51.1,66.3167,11.98,97,86,6.76,KZ,1675621194
134,tonj,7.2737,28.6822,85.12,12,23,3.94,SS,1675621058
135,sitka,57.0531,-135.33,37.29,81,20,9.22,US,1675621186
136,albina,5.5,-54.05,76.41,93,96,5.84,SR,1675621292
137,arraial do cabo,-22.9661,-42.0278,87.76,70,40,8.05,BR,1675621242
138,nome,64.5011,-165.4064,15.87,79,75,6.91,US,1675621287
139,atuona,-9.8,-139.0333,78.3,78,11,16.87,PF,1675621178
140,birao,10.2849,22.7882,81.05,11,65,5.23,CF,1675621293
141,qaqortoq,60.7167,-46.0333,20.95,82,100,7.47,GL,1675621293
142,sadon,42.8518,44.0037,23.43,86,93,2.84,RU,1675621294
143,riberalta,-10.9833,-66.1,84.4,70,75,6.91,BO,1675621294
144,narsaq,60.9167,-46.05,19.62,87,100,6.33,GL,1675621294
145,letlhakane,-21.4167,25.5833,82.22,42,89,3.31,BW,1675621295
146,deep river,46.1001,-77.4995,32.43,99,100,5.68,CA,1675621143
147,pochutla,15.7432,-96.4661,89.42,39,0,7.83,MX,1675621112
148,dikson,73.5069,80.5464,-3.71,97,100,2.48,RU,1675621020
149,srednekolymsk,67.45,153.6833,-35.09,100,100,5.86,RU,1675621232
150,salemi,37.8231,12.8056,46.18,68,6,5.91,IT,1675621296
151,isangel,-19.55,169.2667,80.06,82,100,6.4,VU,1675621030
152,kui buri,12.0828,99.8543,74.34,89,16,5.08,TH,1675621296
153,chapais,49.7834,-74.8492,6.58,82,100,7.76,CA,1675621297
154,thompson,55.7435,-97.8558,1.56,78,75,3.44,CA,1675621297
155,bathsheba,13.2167,-59.5167,83.01,65,40,24.16,BB,1675621298
156,kaitangata,-46.2817,169.8464,55.6,91,97,6.46,NZ,1675621243
157,arman,59.7,150.1667,-15.05,83,86,8.19,RU,1675621298
158,caravelas,-17.7125,-39.2481,86.13,61,0,13.22,BR,1675621299
159,praia,14.9215,-23.5087,75.74,57,20,20.71,CV,1675621115
160,bairiki,1.3292,172.9752,80.6,83,40,11.5,KI,1675621014
161,maniitsoq,65.4167,-52.9,3.18,88,100,13.35,GL,1675621299
162,luderitz,-26.6481,15.1594,68.11,71,14,21.72,NA,1675621181
163,longyearbyen,78.2186,15.6401,24.64,74,40,37.98,SJ,1675621300
164,ayan,56.45,138.1667,-7.83,81,98,7.94,RU,1675621300
165,clyde river,70.4692,-68.5914,-14.57,64,100,12.66,CA,1675621070
166,carnarvon,-24.8667,113.6333,76.98,76,2,13.82,AU,1675621301
167,hokitika,-42.7167,170.9667,62.58,84,28,19.04,NZ,1675621301
168,lasa,46.6166,10.7002,36.48,93,29,6.17,IT,1675621302
169,ketchikan,55.3422,-131.6461,37.87,87,20,3.44,US,1675621302
170,inirida,3.8653,-67.9239,86.7,62,96,2.57,CO,1675621303
171,karimganj,24.8667,92.35,59.43,56,0,3.6,IN,1675621303
172,egvekinot,66.3167,-179.1667,-21.66,87,100,11.21,RU,1675621303
173,vanderhoof,54.0166,-124.0198,31.19,89,95,3.85,CA,1675621304
174,tessalit,20.1986,1.0114,75.79,10,70,9.8,ML,1675621282
175,padang,-0.9492,100.3543,71.65,79,100,2.86,ID,1675621304
176,yuancheng,36.652,107.7896,31.1,31,62,3.87,CN,1675621305
177,diamantino,-14.4086,-56.4461,86.14,59,85,1.66,BR,1675621305
178,qeshm,26.9581,56.2719,67.89,68,0,12.84,IR,1675621306
179,olafsvik,64.8945,-23.7142,44.91,91,94,40.02,IS,1675621188
180,yulara,-25.2406,130.9889,69.71,23,0,9.17,AU,1675621010
181,portland,45.5234,-122.6762,49.6,91,75,14.0,US,1675621306
182,lesnoy,57.6198,63.0784,3.97,99,99,2.55,RU,1675621307
183,sisimiut,66.9395,-53.6735,-4.14,96,100,7.94,GL,1675621040
184,cayenne,4.9333,-52.3333,73.44,100,75,0.0,GF,1675620823
185,baiyin,36.5583,104.2081,26.26,37,59,2.39,CN,1675621308
186,baglung,28.2719,83.5898,52.25,69,58,4.94,NP,1675621308
187,klaksvik,62.2266,-6.589,47.32,93,100,34.0,FO,1675621309
188,necochea,-38.5473,-58.7368,89.58,29,53,3.0,AR,1675621309
189,kupang,-10.1667,123.5833,76.75,87,95,8.77,ID,1675621182
190,touros,-5.1989,-35.4608,84.79,65,84,13.09,BR,1675621310
191,yumen,40.2833,97.2,25.61,41,3,8.97,CN,1675621310
192,grenfell,-33.9,148.1667,59.41,47,0,3.96,AU,1675621310
193,luganville,-15.5333,167.1667,80.53,86,98,14.16,VU,1675621311
194,ponta do sol,32.6667,-17.1,63.23,50,32,4.18,PT,1675621311
195,sao joao da barra,-21.6403,-41.0511,91.49,77,12,10.78,BR,1675621312
196,nsanje,-16.92,35.262,75.58,90,79,2.68,MW,1675621312
197,rabo de peixe,37.8,-25.5833,60.31,77,40,10.36,PT,1675621185
198,izumo,35.3667,132.7667,31.95,80,3,5.97,JP,1675621313
199,monrovia,6.3005,-10.7969,82.17,80,87,10.58,LR,1675621020
200,gafanha da encarnacao,40.6181,-8.733,59.05,49,0,4.0,PT,1675621313
201,guerrero negro,27.9769,-114.0611,63.63,64,0,13.02,MX,1675621313
202,atlantic city,39.3643,-74.4229,48.13,65,87,8.01,US,1675621118
203,santa cruz,-17.8,-63.1667,84.25,65,75,11.5,BO,1675621314
204,porto novo,6.4965,2.6036,84.02,79,100,10.65,BJ,1675621314
205,calvinia,-31.4707,19.776,75.25,40,9,7.61,ZA,1675621315
206,murashi,59.3999,48.9615,7.83,99,100,2.51,RU,1675621315
207,shiloh,38.5614,-89.8973,57.11,44,0,8.05,US,1675621316
208,norman wells,65.282,-126.8329,-27.36,68,75,2.3,CA,1675621316
209,provideniya,64.3833,-173.3,0.9,96,97,10.0,RU,1675621317
210,hobyo,5.3505,48.5268,76.57,80,80,18.92,SO,1675621317
211,kahului,20.8947,-156.47,75.85,85,40,13.0,US,1675621019
212,port hardy,50.6996,-127.4199,42.98,93,75,6.91,CA,1675621092
213,chumikan,54.7183,135.315,-6.99,90,85,15.52,RU,1675621318
214,honiara,-9.4333,159.95,77.5,98,100,8.19,SB,1675621318
215,biltine,14.5333,20.9167,80.01,8,93,8.34,TD,1675621318
216,ola,59.5833,151.2833,-14.42,86,73,8.59,RU,1675621319
217,amahai,-3.3333,128.9167,77.14,84,100,6.96,ID,1675621319
218,quelimane,-17.8786,36.8883,82.35,78,40,6.91,MZ,1675621320
219,saint-pierre,-21.3393,55.4781,80.28,78,20,2.3,RE,1675621320
220,sultepec,18.8667,-99.95,68.67,23,0,5.53,MX,1675621320
221,beni,0.5,29.4667,70.5,43,84,3.11,CD,1675621321
222,huarmey,-10.0681,-78.1522,77.11,71,71,8.19,PE,1675621321
223,nemuro,43.3236,145.575,23.95,83,21,10.6,JP,1675621322
224,ambon,-3.6954,128.1814,75.34,94,75,2.3,ID,1675621300
225,mersing,2.4312,103.8405,75.11,94,40,6.91,MY,1675621051
226,oksovskiy,62.6062,39.8984,1.11,100,70,4.94,RU,1675621322
227,qandala,11.472,49.8728,74.32,75,56,5.84,SO,1675621323
228,yuxia,34.0615,108.6291,36.82,57,37,2.28,CN,1675621323
229,avera,33.194,-82.5271,62.38,61,100,3.33,US,1675621323
230,manggar,-2.8833,108.2667,77.77,87,100,4.79,ID,1675621324
231,san patricio,28.017,-97.5169,76.86,64,0,5.59,US,1675621324
232,taoudenni,22.6783,-3.9836,70.25,17,46,10.0,ML,1675621325
233,shieli,44.1667,66.75,33.01,75,17,6.51,KZ,1675621325
234,sal rei,16.1833,-22.9167,73.6,53,75,17.27,CV,1675621326
235,whitehorse,60.7161,-135.0538,1.81,76,75,5.01,CA,1675621326
236,bowling green,36.9903,-86.4436,55.15,48,100,16.11,US,1675621158
237,loa janan,-0.583,117.095,73.29,99,77,1.79,ID,1675621327
238,kavaratti,10.5669,72.642,80.92,74,6,8.1,IN,1675621310
239,honningsvag,70.9821,25.9704,28.15,86,100,23.02,NO,1675621327
240,marsa matruh,31.3525,27.2453,57.99,60,67,26.98,EG,1675621328
241,bambous virieux,-20.3428,57.7575,80.22,89,20,3.44,MU,1675621328
242,sibolga,1.7427,98.7792,75.42,93,100,2.84,ID,1675621328
243,nabire,-3.3667,135.4833,75.49,94,100,1.99,ID,1675621329
244,irbit,57.6705,63.071,4.48,99,99,2.46,RU,1675621329
245,coihaique,-45.5752,-72.0662,71.55,35,20,8.05,CL,1675621103
246,verkhnevilyuysk,63.4453,120.3167,-53.18,100,69,3.33,RU,1675621174
247,deqing,30.5448,119.9599,47.12,98,100,2.21,CN,1675621330
248,changli,39.7042,119.1506,30.87,48,16,9.31,CN,1675621330
249,vung tau,10.346,107.0843,77.02,80,4,17.92,VN,1675621331
250,venice,27.0998,-82.4543,83.26,78,40,11.5,US,1675621331
251,christchurch,-43.5333,172.6333,68.2,46,1,6.91,NZ,1675621305
252,atasu,48.6814,71.6433,20.05,96,99,6.06,KZ,1675621174
253,kisangani,0.5167,25.2,79.12,49,40,3.24,CD,1675621094
254,yamada,39.4667,141.95,29.1,81,21,5.99,JP,1675621332
255,saint-philippe,-21.3585,55.7679,80.19,86,89,9.95,RE,1675621332
256,jardim,-21.4803,-56.1381,81.73,64,41,3.42,BR,1675621079
257,amarante do maranhao,-5.5667,-46.7422,87.64,56,61,6.29,BR,1675621186
258,vila velha,-20.3297,-40.2925,87.75,75,20,16.11,BR,1675621333
259,chinhoyi,-17.3667,30.2,66.13,93,90,1.61,ZW,1675621333
260,sept-iles,50.2001,-66.3821,5.05,84,100,3.44,CA,1675621322
261,vila franca do campo,37.7167,-25.4333,61.21,78,1,6.87,PT,1675621334
262,yellowknife,62.456,-114.3525,-14.28,76,100,9.22,CA,1675621254
263,gazanjyk,39.2446,55.5154,47.66,60,100,8.05,TM,1675621335
264,am timan,11.0297,20.2827,86.59,11,29,3.31,TD,1675621335
265,charters towers,-20.1,146.2667,74.53,96,100,7.74,AU,1675621335
266,ribeira grande,38.5167,-28.7,61.77,88,20,11.99,PT,1675621182
267,lebu,-37.6167,-73.65,66.27,75,26,19.3,CL,1675621336
268,dire,12.2833,-10.9667,96.67,9,11,3.76,ML,1675621336
269,bafq,31.6128,55.4107,51.73,28,0,0.65,IR,1675621337
270,dharchula,29.85,80.5333,50.52,37,0,7.18,IN,1675621338
271,kirkuk,35.4681,44.3922,50.34,59,93,12.15,IQ,1675621339
272,yeppoon,-23.1333,150.7333,78.58,87,60,11.54,AU,1675621083
273,troy,42.6056,-83.1499,41.56,71,0,10.36,US,1675621038
274,broome,42.2506,-75.833,43.02,52,0,13.0,US,1675621339
275,barra do garcas,-15.89,-52.2567,75.78,88,75,4.61,BR,1675621340
276,auki,-8.7676,160.7034,76.71,94,100,12.57,SB,1675621340
277,severo-kurilsk,50.6789,156.125,24.1,79,94,7.76,RU,1675621152
278,cabo san lucas,22.8909,-109.9124,83.61,54,0,4.61,MX,1675621341
279,pacific grove,36.6177,-121.9166,56.1,87,75,13.8,US,1675621184
280,hai duong,20.9333,106.3167,66.2,91,100,7.49,VN,1675621341
281,erenhot,43.6475,111.9767,15.06,55,28,0.22,CN,1675621341
282,antalaha,-14.9003,50.2788,76.05,91,98,6.08,MG,1675621342
283,villa union,23.2,-106.2333,82.36,51,0,6.91,MX,1675621342
284,santa isabel,-23.3156,-46.2214,87.51,79,82,9.4,BR,1675621343
285,areka,7.0667,37.7,68.61,29,16,8.93,ET,1675621343
286,homer,59.6425,-151.5483,35.49,64,100,19.57,US,1675621343
287,sur,22.5667,59.5289,71.55,72,29,7.09,OM,1675621344
288,san cristobal,7.7669,-72.225,78.98,67,48,7.09,VE,1675621344
289,mongu,-15.2484,23.1274,70.34,87,96,5.57,ZM,1675621345
290,the valley,18.217,-63.0578,82.26,65,20,20.71,AI,1675621345
291,ushibuka,32.1906,130.0228,48.76,59,96,8.05,JP,1675621345
292,sorland,67.667,12.6934,39.06,61,97,20.62,NO,1675621116
293,khor,47.8861,134.9464,-12.68,100,95,5.19,RU,1675621346
294,freeport,40.6576,-73.5832,45.37,56,0,11.5,US,1675621346
295,goderich,43.7501,-81.7165,38.91,75,100,16.11,CA,1675621347
296,ulaangom,49.9811,92.0667,-3.87,99,100,1.07,MN,1675621347
297,churachandpur,24.3333,93.6667,47.66,62,3,1.59,IN,1675621348
298,hwange,-18.3693,26.5019,73.09,83,97,2.46,ZW,1675621348
299,linguere,15.3953,-15.1193,91.62,25,0,4.61,SN,1675621349
300,maryville,35.7565,-83.9705,56.68,62,75,8.99,US,1675621308
301,carballo,43.213,-8.691,54.82,73,0,9.1,ES,1675621349
302,khatanga,71.9667,102.5,-29.72,95,98,5.32,RU,1675621349
303,pokhara,28.2333,83.9833,55.63,56,21,4.94,NP,1675621350
304,ballina,-28.8667,153.5667,68.02,96,79,2.57,AU,1675621186
305,ghosi,26.1083,83.5436,57.63,61,0,5.84,IN,1675621351
306,kalemie,-5.9475,29.1947,71.29,83,85,4.05,CD,1675621351
307,ambulu,-8.345,113.6058,75.83,88,100,4.14,ID,1675621352
308,luba,3.4568,8.5547,84.09,81,44,10.02,GQ,1675621352
309,pinega,64.7001,43.3936,-0.38,98,53,5.75,RU,1675621352
310,martos,37.7211,-3.9726,52.39,24,2,7.0,ES,1675621353
311,gorodishche,48.8045,44.4744,23.88,93,100,11.18,RU,1675621353
312,sobolevo,54.4299,31.8996,23.07,94,100,7.85,RU,1675621354
313,baculin,7.4525,126.5842,76.69,81,99,6.04,PH,1675621354
314,sarti,40.1,23.9833,40.64,60,100,12.5,GR,1675621355
315,deputatskiy,69.3,139.9,-24.39,98,100,3.58,RU,1675621065
316,lhokseumawe,5.1801,97.1507,76.77,85,100,2.86,ID,1675621355
317,teacapan,22.55,-105.75,78.55,44,0,6.02,MX,1675621356
318,tautira,-17.7333,-149.15,81.3,76,85,15.1,PF,1675621356
319,virginia beach,36.8529,-75.978,56.03,53,100,13.8,US,1675621266
320,manapparai,10.6,78.4167,72.46,83,50,4.76,IN,1675621357
321,georgetown,5.4112,100.3354,76.95,99,20,2.3,MY,1675621357
322,peniche,39.3558,-9.3811,59.56,59,2,6.2,PT,1675621357
323,pisco,-13.7,-76.2167,77.05,78,0,10.36,PE,1675621191
324,faya,18.3851,42.4509,55.92,62,98,5.03,SA,1675621297
325,mahajanga,-15.7167,46.3167,80.62,89,20,1.14,MG,1675621358
326,rudnichnyy,59.617,52.4703,-7.64,100,92,2.98,RU,1675621359
327,valdez,1.2492,-78.9831,79.88,79,62,11.43,EC,1675621359
328,college,64.8569,-147.8028,-11.22,73,0,4.61,US,1675621359
329,caborca,30.5838,-111.101,72.32,16,0,3.89,MX,1675621360
330,humaita,-7.5061,-63.0208,80.74,81,94,2.62,BR,1675621360
331,byron bay,-28.65,153.6167,67.95,75,79,4.23,AU,1675621065
332,nouadhibou,20.931,-17.0347,71.58,33,100,16.11,MR,1675621361
333,salalah,17.0151,54.0924,75.29,69,0,3.44,OM,1675621127
334,arona,28.0996,-16.681,60.39,55,40,10.36,ES,1675621361
335,kavieng,-2.5744,150.7967,81.36,74,96,2.39,PG,1675621106
336,port blair,11.6667,92.75,80.64,83,40,3.44,IN,1675621362
337,san rafael,-34.6177,-68.3301,96.82,12,2,12.95,AR,1675621362
338,gobabis,-22.45,18.9667,77.29,53,100,10.67,NA,1675621363
339,vysokogornyy,50.1167,139.15,-12.93,100,99,2.08,RU,1675621363
340,kruisfontein,-34.0033,24.7314,76.89,80,13,12.75,ZA,1675621364
341,esso,55.9333,158.7,-3.48,83,87,4.0,RU,1675621364
342,tezu,27.9167,96.1667,61.59,37,4,4.45,IN,1675621364
343,urgut,39.4022,67.2431,38.82,85,100,5.01,UZ,1675621365
344,kamenka,51.3223,42.7678,10.36,98,76,4.9,RU,1675621365
345,severobaykalsk,55.65,109.3167,-3.33,92,86,5.23,RU,1675621365
346,yuci,37.6803,112.7319,22.75,58,26,4.47,CN,1675621366
347,los palacios,22.5872,-83.2486,86.29,46,34,7.61,CU,1675621366
348,albury,-36.0833,146.9167,57.02,100,0,1.99,AU,1675621367
349,karlstad,59.3793,13.5036,23.56,100,87,3.44,SE,1675621367
350,ascension,30.2169,-90.9001,70.07,54,100,6.91,US,1675621368
351,kaeo,-35.1,173.7833,66.33,94,99,5.39,NZ,1675621170
352,nova varos,43.4606,19.8114,14.88,95,100,9.62,RS,1675621368
353,lorengau,-2.0226,147.2712,80.89,79,100,3.58,PG,1675621368
354,ihosy,-22.4,46.1167,66.78,92,86,9.4,MG,1675621369
355,pimentel,-6.8367,-79.9342,84.49,54,0,14.97,PE,1675621369
356,sines,37.9562,-8.8698,59.29,62,10,3.98,PT,1675621370
357,leh,34.1667,77.5833,7.68,55,100,0.31,IN,1675621370
358,cidreira,-30.1811,-50.2056,82.4,50,12,14.65,BR,1675620723
359,tres picos,15.8667,-93.5333,87.93,41,0,3.04,MX,1675621371
360,vestmanna,62.1564,-7.1664,45.52,93,100,23.02,FO,1675621371
361,bousso,10.4795,16.7117,86.5,10,85,7.74,TD,1675621371
362,mastic beach,40.7668,-72.8521,43.57,67,0,9.22,US,1675621150
363,baruun-urt,46.6806,113.2792,-5.03,93,36,5.21,MN,1675621372
364,na klang,17.3072,102.1889,73.98,79,77,2.28,TH,1675621372
365,shizilu,35.1711,118.8289,37.17,83,100,4.05,CN,1675621373
366,mabay,6.0577,124.4666,76.3,82,100,3.4,PH,1675621373
367,gay,51.4666,58.4552,3.72,99,60,6.85,RU,1675621373
368,zhigansk,66.7697,123.3711,-43.64,97,97,2.75,RU,1675621257
369,pouembout,-21.1333,164.9,79.63,89,98,5.39,NC,1675621374
370,ostrovnoy,68.0531,39.5131,5.13,98,81,10.98,RU,1675621272
371,caucaia,-3.7361,-38.6531,85.95,73,40,12.66,BR,1675621375
372,zhangye,38.9342,100.4517,27.21,35,9,6.13,CN,1675621352
373,loyga,61.0784,44.6075,-0.87,100,95,0.51,RU,1675621375
374,rincon,32.296,-81.2354,64.36,69,100,5.75,US,1675621375
375,meulaboh,4.1363,96.1285,74.28,89,97,3.78,ID,1675621376
376,kindu,-2.95,25.95,76.37,67,100,1.9,CD,1675621376
377,oranjestad,12.524,-70.027,85.95,75,40,27.63,AW,1675621238
378,moree,-29.4667,149.85,71.64,71,23,8.88,AU,1675621377
379,yerbogachen,61.2767,108.0108,-26.05,100,95,2.44,RU,1675621377
380,san benito,36.6166,-121.0844,45.84,82,44,8.28,US,1675621378
381,ouadda,8.0777,22.4007,78.44,16,23,5.55,CF,1675621378
382,hay river,60.8156,-115.7999,-0.42,85,100,10.36,CA,1675621378
383,perehonivka,48.5355,30.5192,27.3,89,100,11.61,UA,1675621379
384,parkes,-33.1333,148.1833,58.35,70,0,4.25,AU,1675621379
385,laguna,38.421,-121.4238,56.05,78,100,14.97,US,1675621241
386,qui nhon,13.7667,109.2333,71.47,89,98,4.05,VN,1675621380
387,belyy yar,53.6039,91.3903,-10.14,76,20,2.24,RU,1675621380
388,rovaniemi,66.5,25.7167,18.81,93,100,3.44,FI,1675621381
389,santa isabel do rio negro,-0.4139,-65.0192,80.13,90,95,4.14,BR,1675621303
390,nancha,47.1333,129.2667,-5.55,99,57,1.95,CN,1675621381
391,bantry,51.6833,-9.45,48.78,91,91,5.14,IE,1675621382
392,la union,-5.4,-80.75,90.59,38,73,11.41,PE,1675621383
393,stephenville,32.2207,-98.2023,66.87,51,0,9.22,US,1675621383
394,ancud,-41.8697,-73.8203,64.13,77,48,10.4,CL,1675621384
395,half moon bay,37.4636,-122.4286,55.83,85,75,13.8,US,1675621384
396,hurghada,27.2574,33.8129,60.64,52,100,5.64,EG,1675621385
397,ipixuna,-1.7625,-48.8043,82.81,79,100,3.89,BR,1675621386
398,barcelos,41.5388,-8.6151,59.14,60,0,3.09,PT,1675621386
399,saint-francois,46.4154,3.9054,42.24,75,0,17.27,FR,1675621387
400,mbandaka,0.0487,18.2603,81.18,48,67,4.45,CD,1675621388
401,khandyga,62.6667,135.6,-34.2,100,98,0.22,RU,1675621389
402,jacareacanga,-6.2222,-57.7528,87.94,56,89,2.71,BR,1675621390
403,tazovskiy,67.4667,78.7,-9.6,100,56,8.46,RU,1675621392
404,asau,46.4333,26.4,24.28,91,95,7.07,RO,1675621393
405,dogondoutchi,13.6393,4.0287,88.38,10,60,7.9,NE,1675621393
406,estelle,29.8458,-90.1067,69.8,55,75,6.91,US,1675621394
407,alakurtti,66.9672,30.3491,7.7,98,99,0.72,RU,1675621277
408,porosozero,62.7191,32.727,15.96,96,100,5.57,RU,1675621395
409,turukhansk,65.8167,87.9833,2.84,98,98,2.17,RU,1675621187
410,vao,-22.6667,167.4833,79.05,87,73,18.28,NC,1675621395
411,tual,-5.6667,132.75,79.63,84,100,19.39,ID,1675621396
412,darnah,32.767,22.6367,51.42,61,99,33.55,LY,1675621396
413,brezovo,42.35,25.0833,29.39,66,99,3.49,BG,1675621397
414,aksha,50.2814,113.2867,-3.57,96,66,4.29,RU,1675621397
415,port said,31.2565,32.2841,61.97,47,66,22.84,EG,1675621398
416,daoukro,7.0591,-3.9631,92.91,28,66,2.04,CI,1675621380
417,saint george,37.1041,-113.5841,53.44,39,20,0.0,US,1675621259
418,skovorodino,53.9833,123.9167,-20.2,100,100,0.81,RU,1675621399
419,geraldton,-28.7667,114.6,73.81,73,100,8.05,AU,1675621400
420,kathu,7.9178,98.3332,76.82,77,7,12.03,TH,1675621400
421,espinosa,-14.9261,-42.8192,91.83,32,0,4.88,BR,1675621401
422,bang saphan,11.2126,99.5117,73.58,94,19,2.82,TH,1675621401
423,krems,48.4092,15.6142,28.49,77,52,3.96,AT,1675621402
424,eureka,40.8021,-124.1637,48.92,92,97,5.01,US,1675621402
425,baghdad,33.3406,44.4009,53.51,58,0,4.61,IQ,1675621310
426,nago,26.5881,127.9761,66.63,89,100,9.15,JP,1675621404
427,los llanos de aridane,28.6585,-17.9182,58.75,79,75,11.5,ES,1675621404
428,camabatela,-8.1881,15.375,63.3,90,100,2.89,AO,1675621405
429,makakilo city,21.3469,-158.0858,73.72,78,100,10.36,US,1675621405
430,esperance,-33.8667,121.9,68.59,67,32,20.02,AU,1675621406
431,palmer,42.1584,-72.3287,47.5,39,75,12.66,US,1675621406
432,sao borja,-28.6606,-56.0044,91.94,14,7,9.57,BR,1675621407
433,teberda,43.4456,41.7448,21.18,90,100,4.63,RU,1675621407
434,punta alta,-38.8759,-62.0736,98.55,28,71,10.83,AR,1675621307
435,vanimo,-2.6741,141.3028,78.15,87,100,3.74,PG,1675621408
436,bethel,41.3712,-73.414,45.72,46,0,8.05,US,1675621264
437,hamilton,39.1834,-84.5333,53.04,53,100,21.85,US,1675620749
438,daru,-9.0763,143.2092,76.32,92,100,4.03,PG,1675621178
439,shitanjing,39.2342,106.3439,25.77,32,100,3.62,CN,1675621182
440,saldanha,-33.0117,17.9442,69.85,88,25,19.86,ZA,1675621163
441,guiratinga,-16.3494,-53.7583,81.84,67,89,6.91,BR,1675621409
442,sartell,45.6216,-94.2069,26.55,71,100,5.75,US,1675621409
443,moranbah,-22.0016,148.0466,74.77,95,99,7.45,AU,1675621410
444,barcelona,41.3888,2.159,54.73,65,0,8.05,ES,1675621360
445,mariental,-24.6333,17.9667,89.08,31,78,19.13,NA,1675621410
446,bose,45.4612,8.0137,42.15,90,99,5.17,IT,1675621411
447,quatre cocos,-20.2078,57.7625,80.1,82,73,11.41,MU,1675621411
448,chicama,-7.8447,-79.1469,77.54,53,28,11.07,PE,1675621411
449,qujing,25.4833,103.7833,46.06,52,19,5.32,CN,1675621412
450,nova prata,-28.7839,-51.61,81.28,18,18,6.4,BR,1675621412
451,luanda,-8.8368,13.2343,82.4,74,75,8.05,AO,1675621377
452,aksarka,66.5606,67.7975,-10.89,100,61,5.21,RU,1675621185
453,santiago,-33.4569,-70.6483,89.29,36,0,12.66,CL,1675620927
454,saint-augustin,51.226,-58.6502,3.6,67,97,10.63,CA,1675621413
455,sena madureira,-9.0656,-68.6569,80.56,80,100,2.39,BR,1675621414
456,inongo,-1.95,18.2667,78.44,68,32,4.83,CD,1675621414
457,shakawe,-18.3667,21.85,70.36,89,98,6.13,BW,1675621414
458,centralia,46.7162,-122.9543,45.48,97,100,5.46,US,1675621415
459,lebanon,36.2081,-86.2911,58.77,50,40,17.27,US,1675621415
460,borovichi,58.3878,33.9155,9.32,99,94,2.77,RU,1675621416
461,newport,51.5877,-2.9984,41.54,82,89,1.95,GB,1675621260
462,fortuna,40.5982,-124.1573,48.65,96,75,5.75,US,1675621416
463,ekhabi,53.5102,142.9671,-3.62,95,100,9.91,RU,1675621417
464,dehloran,32.6941,47.2679,56.75,45,51,8.16,IR,1675621417
465,trairi,-3.2778,-39.2689,84.31,66,97,11.12,BR,1675621362
466,itarema,-2.9248,-39.9167,83.7,68,88,13.87,BR,1675621418
467,kozuchow,51.7456,15.5949,27.59,83,100,3.11,PL,1675621418
468,teguise,29.0605,-13.564,61.02,72,0,12.66,ES,1675621418
469,oktyabrskiy,54.4815,53.471,13.33,95,100,2.33,RU,1675621145
470,flinders,-34.5833,150.8552,69.19,80,96,1.99,AU,1675621369
471,maceio,-9.6658,-35.7353,87.24,66,40,16.11,BR,1675621419
472,punta de bombon,-17.1717,-71.7931,76.64,77,95,7.43,PE,1675621419
473,la primavera,5.4906,-70.4092,88.7,42,77,10.38,CO,1675621420
474,ambanja,-13.6833,48.45,76.39,91,100,1.79,MG,1675621420
475,cananea,30.95,-110.3,63.64,19,0,7.11,MX,1675621421
476,suez,29.9737,32.5263,59.76,39,67,7.9,EG,1675621145
477,rapid valley,44.0625,-103.1463,51.13,47,0,14.97,US,1675621222
478,barsovo,61.1667,73.1667,-5.67,98,100,2.01,RU,1675621421
479,maumere,-8.6199,122.2111,78.69,87,100,11.81,ID,1675621422
480,camana,-16.6228,-72.7111,77.31,77,88,6.08,PE,1675621422
481,santa maria,-29.6842,-53.8069,81.7,42,20,8.05,BR,1675621423
482,batagay,67.6333,134.6333,-38.36,99,98,1.99,RU,1675621423
483,delmas,18.5447,-72.3028,86.72,45,75,17.27,HT,1675621423
484,santiago del estero,-27.7951,-64.2615,93.09,28,37,8.34,AR,1675621424
485,sukhaya buyvola,45.1533,42.9956,31.32,92,100,9.22,RU,1675621424
486,puerto baquerizo moreno,-0.9,-89.6,86.99,70,40,16.11,EC,1675621425
487,praia da vitoria,38.7333,-27.0667,64.76,77,20,15.61,PT,1675621425
488,fukue,32.6881,128.8419,50.31,53,84,11.63,JP,1675621426
489,milledgeville,33.0801,-83.2321,63.0,48,0,0.0,US,1675621245
490,hassleholm,56.1591,13.7664,33.35,85,96,5.44,SE,1675621427
491,balingasay,16.3573,119.8564,78.17,78,96,8.28,PH,1675621427
492,kudahuvadhoo,2.6708,72.8944,80.02,73,73,1.07,MV,1675621322
493,kathmandu,27.7167,85.3167,52.84,74,20,2.3,NP,1675621394
494,lebedyn,50.5852,34.4849,26.17,90,100,9.4,UA,1675621428
495,kettering,39.6895,-84.1688,50.56,53,100,24.16,US,1675621428
496,mecca,21.4267,39.8261,73.38,56,48,4.88,SA,1675621326
497,shubarshi,48.5872,57.1869,8.11,91,83,6.17,KZ,1675621429
498,zhangjiakou,40.81,114.8794,24.85,41,55,5.57,CN,1675621429
499,itaobim,-16.5667,-41.8333,90.36,45,3,0.94,BR,1675621430
500,mount isa,-20.7333,139.5,76.77,94,100,6.91,AU,1675621430
501,okha,53.5739,142.9478,-3.32,95,100,9.93,RU,1675621431
502,buala,-8.145,159.5921,77.23,95,100,13.24,SB,1675621431
503,adrar,20.5022,-10.0711,69.24,19,70,8.95,MR,1675621431
504,shahreza,32.0339,51.8794,35.04,57,1,3.91,IR,1675621170
505,nsoko,-27.0333,31.95,78.06,88,5,4.41,SZ,1675621432
506,alamosa,37.4695,-105.87,35.58,32,0,4.61,US,1675621432
507,torbay,47.6666,-52.7314,27.57,72,75,31.07,CA,1675621433
508,rocky mountain house,52.3668,-114.9188,41.11,48,100,8.05,CA,1675621371
509,husavik,66.0449,-17.3389,45.07,81,100,30.38,IS,1675621246
510,hovd,48.0056,91.6419,3.56,80,8,3.47,MN,1675621434
511,key west,24.5557,-81.7826,80.6,77,0,13.0,US,1675621157
512,donskoye,45.4552,41.9741,30.33,83,100,10.42,RU,1675621434
513,bandundu,-3.3167,17.3667,74.46,83,79,8.08,CD,1675621435
514,ilebo,-4.3167,20.5833,75.72,77,72,3.6,CD,1675621435
515,harnosand,62.6323,17.9379,35.6,65,41,25.48,SE,1675621435
516,krasnovishersk,60.4078,57.082,-0.45,100,93,3.33,RU,1675621436
517,buraydah,26.326,43.975,63.05,27,72,9.13,SA,1675621223
518,tongzi,28.7829,105.0877,57.18,58,93,2.66,CN,1675621437
519,tawau,4.2498,117.8871,77.13,88,92,4.81,MY,1675621437
520,souillac,-20.5167,57.5167,79.18,89,20,3.44,MU,1675621437
521,alice springs,-23.7,133.8833,56.75,77,0,5.75,AU,1675621438
522,edd,13.9297,41.6925,78.15,79,95,9.26,ER,1675621438
523,tshikapa,-6.4167,20.8,71.11,89,24,4.52,CD,1675621439
524,port macquarie,-31.4333,152.9167,65.89,80,55,2.89,AU,1675621439
525,banda aceh,5.5577,95.3222,77.99,80,98,2.8,ID,1675621439
526,labuhan,-6.8844,112.2051,77.92,84,100,7.87,ID,1675621440
527,quesnel,52.9999,-122.5029,39.7,81,100,8.05,CA,1675621440
528,beringovskiy,63.05,179.3167,-19.3,93,99,12.19,RU,1675621441
529,kawalu,-7.3817,108.2082,73.35,88,100,1.39,ID,1675621441
530,atikokan,48.7555,-91.6216,12.92,81,89,4.92,CA,1675621442
531,melfi,40.9965,15.6514,34.36,64,69,14.54,IT,1675621443
532,aswan,24.0934,32.907,65.12,21,32,3.96,EG,1675621444
533,talcher,20.95,85.2167,60.3,48,0,3.91,IN,1675621445
534,gizo,-8.103,156.8419,78.55,93,100,18.45,SB,1675621446
535,samaipata,-18.15,-63.8667,55.47,92,100,1.34,BO,1675621449
536,moffat,55.3323,-3.4454,36.61,93,100,5.68,GB,1675621450
537,havoysund,70.9963,24.6622,28.63,85,100,38.72,NO,1675621450
538,nioro,13.35,-15.75,94.71,8,72,6.06,GM,1675621241
539,pontianak,-0.0333,109.3333,76.98,94,75,0.0,ID,1675621251
540,palapye,-22.546,27.1251,81.91,35,42,8.59,BW,1675621455
541,walvis bay,-22.9575,14.5053,66.09,80,99,7.54,NA,1675621186
542,wajima,37.4,136.9,43.29,72,63,11.25,JP,1675621457
543,weinan,34.5036,109.5089,40.1,52,21,3.85,CN,1675621459
544,yar-sale,66.8333,70.8333,-6.68,99,97,5.82,RU,1675621164
545,henties bay,-22.116,14.2845,65.14,84,92,5.66,NA,1675621460
546,komsomolskiy,40.4272,71.7189,39.92,87,100,6.91,UZ,1675621461
547,jiaonan,35.8786,119.9753,38.97,88,89,4.94,CN,1675621461
548,shingu,33.7333,135.9833,38.7,54,16,5.48,JP,1675621177
549,araouane,18.9048,-3.5265,72.73,15,75,8.7,ML,1675621463
550,coquimbo,-29.9533,-71.3436,73.13,64,0,14.97,CL,1675621464
551,igrim,63.1906,64.4162,-9.33,100,97,1.83,RU,1675621466
552,jeremie,18.65,-74.1167,80.44,66,11,5.41,HT,1675621467
553,jacksonville,30.3322,-81.6556,76.03,67,75,5.75,US,1675621420
554,kyabe,9.4515,18.9449,87.44,11,63,4.97,TD,1675621469
555,skibbereen,51.55,-9.2667,49.1,91,79,6.44,IE,1675621257
556,balkanabat,39.5108,54.3671,47.89,54,85,9.57,TM,1675621469
557,faanui,-16.4833,-151.75,81.64,73,46,15.97,PF,1675621470
558,namibe,-15.1961,12.1522,72.82,76,57,7.92,AO,1675621234
